rsol,31,8
r,2,6,0.006
r,2,4,0.005
r,0,0,0.003
iv,5.245208740234375e-06,232376532992
iv,5.7220458984375e-06,232376532992
iv,3.814697265625e-06,232376532992
iv,4.291534423828125e-06,232376532992
iv,1.0013580322265625e-05,232376532992
iv,5.0067901611328125e-06,232376532992
iv,5.0067901611328125e-06,232376532992
ie,1.1920928955078125e-05,232376532992
ie,5.0067901611328125e-06,232376532992
ie,5.4836273193359375e-06,232376532992
ie,5.4836273193359375e-06,232376532992
ie,5.4836273193359375e-06,232376532992
ie,5.4836273193359375e-06,232376532992
ie,4.0531158447265625e-06,232376532992
IS,31,2022benchmark-main/benchmark/handcrafted/hc-toyyes-01.col,2022benchmark-main/benchmark/handcrafted/hc-toyyes-01_01.dat
o,solved
