rsol,15,9
r,0,0,0.005
iv,5.245208740234375e-06,232376569856
iv,5.245208740234375e-06,232376569856
iv,3.814697265625e-06,232376569856
iv,4.0531158447265625e-06,232376569856
iv,4.0531158447265625e-06,232376569856
iv,5.0067901611328125e-06,232376569856
ie,8.58306884765625e-06,232376569856
ie,7.152557373046875e-06,232376569856
ie,4.291534423828125e-06,232376569856
ie,5.7220458984375e-06,232376569856
ie,3.814697265625e-06,232376569856
ie,3.814697265625e-06,232376569856
ie,5.0067901611328125e-06,232376569856
ie,4.5299530029296875e-06,232376569856
ie,3.337860107421875e-06,232376569856
IS,15,2022benchmark-main/benchmark/handcrafted/hc-toyno-01.col,2022benchmark-main/benchmark/handcrafted/hc-toyno-01_01.dat
o,solved
