rsol,15,8
r,0,0,0.004
iv,5.245208740234375e-06,231028273152
iv,5.0067901611328125e-06,231028273152
iv,4.291534423828125e-06,231028273152
iv,4.76837158203125e-06,231028273152
iv,4.0531158447265625e-06,231028273152
iv,4.76837158203125e-06,231028273152
ie,8.821487426757812e-06,231028273152
ie,7.62939453125e-06,231028273152
ie,4.5299530029296875e-06,231028273152
ie,6.9141387939453125e-06,231028273152
ie,3.814697265625e-06,231028273152
ie,5.0067901611328125e-06,231028273152
ie,4.76837158203125e-06,231028273152
ie,4.0531158447265625e-06,231028273152
ie,3.337860107421875e-06,231028273152
IS,15,2022benchmark-main/benchmark/handcrafted/hc-toyno-01.col,2022benchmark-main/benchmark/handcrafted/hc-toyno-01_01.dat
o,solved
